<?xml version="1.0" encoding="UTF-8"?>
<project-private xmlns="http://www.netbeans.org/ns/project-private/1">
    <editor-bookmarks xmlns="http://www.netbeans.org/ns/editor-bookmarks/2" lastBookmarkId="0"/>
    <open-files xmlns="http://www.netbeans.org/ns/projectui-open-files/2">
        <group>
            <file>file:/C:/Users/josem/Downloads/Proyecto_verificacion/Proyecto_Verificacion/P_CitasMedicas/src/modelos/Paciente.java</file>
            <file>file:/C:/Users/josem/Downloads/Proyecto_verificacion/Proyecto_Verificacion/P_CitasMedicas/src/controladores/FacturaController.java</file>
            <file>file:/C:/Users/josem/Downloads/Proyecto_verificacion/Proyecto_Verificacion/P_CitasMedicas/src/modelos/Persona.java</file>
            <file>file:/C:/Users/josem/Downloads/Proyecto_verificacion/Proyecto_Verificacion/P_CitasMedicas/src/vistas/medico/JF_FormularioMedico.java</file>
            <file>file:/C:/Users/josem/Downloads/Proyecto_verificacion/Proyecto_Verificacion/P_CitasMedicas/src/modelos/Medico.java</file>
            <file>file:/C:/Users/josem/Downloads/Proyecto_verificacion/Proyecto_Verificacion/P_CitasMedicas/src/vistas/paciente/Pnl_GestorPaciente.java</file>
            <file>file:/C:/Users/josem/Downloads/Proyecto_verificacion/Proyecto_Verificacion/P_CitasMedicas/src/vistas/paciente/JF_NuevoFormularioPaciente.java</file>
            <file>file:/C:/Users/josem/Downloads/Proyecto_verificacion/Proyecto_Verificacion/P_CitasMedicas/src/vistas/medico/Pnl_GestionMedico.java</file>
        </group>
    </open-files>
</project-private>
